Allele,Times reported ¹,Allele Counts ²,Sample Size  (2n) ³,Overall  Allele Frequency
C*01:57,1,"1,952","9,778",0.19961
C*07:01,244,"1,785,220","13,213,434",0.13511
C*07:02,262,"1,747,308","13,221,114",0.13216
C*04:01,256,"1,628,602","13,219,342",0.1232
C*06:02,264,"1,227,802","13,223,266",0.09285
C*04:43,2,803,"9,974",0.08053
C*03:04,227,"986,591","13,216,512",0.07465
C*05:01,221,"856,521","13,215,824",0.06481
C*02:02,180,"662,446","13,200,182",0.05018
C*03:03,257,"657,231","13,220,290",0.04971
C*12:03,245,"645,435","13,218,272",0.04883
C*01:02,245,"534,610","13,217,820",0.04045
C*16:01,209,"406,883","13,147,922",0.03095
C*07:06,54,"4,635","152,424",0.03041
C*08:02,225,"364,421","13,211,948",0.02758
C*15:02,231,"350,054","13,211,956",0.0265
C*07:04,206,"218,183","13,210,048",0.01652
C*14:02,206,"215,876","13,208,738",0.01634
C*07:270,1,142,"9,778",0.01452
C*07:328,1,9,672,0.0141
C*17:01,193,"182,480","13,163,994",0.01386
C*12:02,237,"168,954","13,215,268",0.01278
C*03:02,241,"119,988","13,218,176",0.00908
C*08:01,210,"116,576","13,204,468",0.00883
C*17:03,37,845,"133,800",0.00632
C*02:09,9,35,"5,706",0.00614
C*15:05,179,"70,975","13,200,492",0.00538
C*06:98,1,1,200,0.005
C*17:30,1,3,672,0.00469
C*16:02,205,"60,197","13,166,234",0.00457
C*07:249,2,3,872,0.00355
C*08:173N,1,2,592,0.00338
C*06:76,1,2,672,0.00312
C*06:157,1,2,672,0.00312
C*06:137,1,2,672,0.00312
C*18:01,122,"36,391","12,786,210",0.00285
C*06:22,2,2,868,0.00242
C*04:39,2,2,868,0.00242
C*04:09N,13,120,"59,614",0.00201
C*08:22,9,71,"36,678",0.00194
C*07:18,28,248,"130,984",0.00189
C*04:03,165,"24,557","13,187,000",0.00186
C*04:82,6,61,"33,064",0.00185
C*07:188,1,18,"9,778",0.00183
C*06:213,1,1,592,0.00169
C*04:113,2,2,"1,350",0.00168
C*02:10,84,540,"343,446",0.00157
C*07:371,1,1,672,0.00156
C*01:35,1,1,672,0.00156
C*16:24,1,1,672,0.00156
C*12:112,1,1,672,0.00156
C*07:136,1,1,672,0.00156
C*14:03,157,"18,565","13,253,476",0.0014
C*06:112,1,13,"9,778",0.00129
C*04:140,1,1,778,0.00129
C*07:429,1,1,778,0.00129
C*07:537,1,1,778,0.00129
C*04:168,1,1,778,0.00129
C*03:05,95,"14,773","12,068,792",0.00122
C*16:04,108,"15,337","13,052,422",0.00118
C*03:146,3,40,"35,262",0.00113
C*04:226,1,7,"6,000",0.00111
C*08:39,1,1,924,0.0011
C*07:287,1,11,"9,778",0.00109
C*07:66,6,25,"24,990",0.001
C*18:05,1,1,"1,140",0.001
C*17:29,1,1,"1,140",0.001
C*04:87,1,1,"1,140",0.001
C*08:92,1,1,"1,038",0.001
C*06:88,1,1,"1,140",0.001
C*12:145,1,1,"1,428",0.001
C*04:103,1,1,"1,140",0.001
C*08:04,78,"11,017","12,403,388",0.00089
C*01:11,7,4,"4,674",0.00088
C*05:31,2,1,"1,336",0.00085
C*04:25,4,4,"5,250",0.00077
C*08:03,128,"9,439","13,047,000",0.00072
C*01:44,7,47,"65,326",0.00072
C*07:14,39,9,"13,072",0.00071
C*04:18,4,3,"4,402",0.00071
C*03:15,14,4,"6,592",0.00063
C*07:578,1,2,"3,468",0.0006
C*03:33,3,2,"3,478",0.0006
C*15:13,20,80,"134,592",0.00059
C*03:06,59,"6,664","11,920,352",0.00056
C*04:142,1,5,"9,778",0.00051
C*08:38,1,5,"9,778",0.00046
C*07:44,3,2,"4,708",0.00044
C*18:02,26,36,"85,268",0.00042
C*06:138,1,2,"4,982",0.0004
C*07:67,4,4,"10,990",0.00037
C*15:32Q,2,7,"20,106",0.00035
C*03:296,1,1,"2,926",0.00034
C*15:76,1,1,"2,926",0.00034
C*08:162,1,1,"2,926",0.00034
C*17:02,18,7,"20,752",0.00033
C*17:38,1,15,"47,190",0.00032
C*04:20,3,1,"3,122",0.00032
C*02:17,3,1,"3,124",0.00031
C*08:20,3,1,"3,526",0.00031
C*01:30,3,1,"3,526",0.00031
C*06:24,3,1,"3,526",0.00031
C*07:346,1,1,"3,468",0.0003
C*14:55,1,1,"4,982",0.0003
C*02:15,3,1,"3,478",0.0003
C*15:04,135,"3,946","13,028,904",0.0003
C*12:04,65,"3,708","12,774,382",0.00029
C*07:595,1,3,"10,532",0.00028
C*05:03,16,2,"7,882",0.00027
C*03:24,13,12,"44,470",0.00026
C*15:09,63,"3,032","12,203,214",0.00025
C*15:29,3,4,"16,376",0.00025
C*08:148,4,11,"47,764",0.00023
C*07:26,31,"1,937","8,391,064",0.00023
C*01:14,3,1,"5,124",0.00023
C*12:15,4,3,"12,834",0.00023
C*07:704,5,13,"59,462",0.00022
C*07:03,57,64,"288,114",0.00022
C*12:40,1,1,"4,806",0.00021
C*06:60,1,1,"4,806",0.00021
C*04:107,2,4,"21,436",0.0002
C*04:31,3,1,"4,708",0.0002
C*03:67,2,1,"4,310",0.00019
C*08:127N,1,2,"10,532",0.00019
C*04:04,94,"2,302","12,704,146",0.00018
C*07:48,5,5,"27,988",0.00018
C*04:289,5,11,"59,462",0.00018
C*15:06,60,"2,033","11,994,588",0.00017
C*15:176,1,2,"11,698",0.00017
C*08:137,1,1,"6,000",0.00016
C*16:10,4,2,"12,148",0.00016
C*04:146,1,1,"6,000",0.00016
C*03:293,1,1,"6,000",0.00016
C*03:297,1,1,"6,000",0.00016
C*05:37,4,9,"57,712",0.00015
C*15:42,2,2,"13,214",0.00015
C*04:06,75,"1,658","11,172,734",0.00015
C*08:21,4,2,"14,058",0.00014
C*03:100,5,7,"47,452",0.00014
C*12:261,2,2,"16,464",0.00013
C*01:150,1,3,"22,892",0.00013
C*14:08,13,5,"44,470",0.00012
C*06:124,1,1,"8,408",0.00012
C*12:159,1,1,"8,408",0.00012
C*06:35,2,2,"16,504",0.00012
C*12:139,1,7,"57,854",0.00012
C*12:109,1,1,"8,408",0.00012
C*12:210,1,1,"8,408",0.00012
C*14:07N,13,5,"44,470",0.00012
C*07:556,1,1,"8,408",0.00012
C*02:06,15,"1,166","10,548,888",0.00011
C*01:03,82,"1,225","10,890,614",0.00011
C*12:132,2,4,"34,590",0.00011
C*03:135,2,781,"6,921,910",0.00011
C*03:378,1,1,"7,464",0.0001
C*08:41,2,21,"202,812",0.0001
C*12:73,1,1,"8,670",0.0001
C*07:340,2,2,"24,320",0.0001
C*07:123,1,1,"9,712",0.0001
C*07:630,1,1,"8,670",0.0001
C*12:122,1,1,"11,658",0.0001
C*05:158,1,1,"8,670",0.0001
C*06:73,1,1,"10,198",0.0001
C*06:211N,1,1,"11,698",9e-05
C*06:131,1,1,"11,658",9e-05
C*04:169,1,1,"11,698",9e-05
C*16:88,1,2,"22,892",9e-05
C*12:60,1,1,"11,658",9e-05
C*03:88,9,43,"501,750",9e-05
C*03:373,1,2,"22,892",9e-05
C*01:53,1,1,"10,532",9e-05
C*03:357,1,1,"11,658",9e-05
C*03:225,1,1,"10,532",9e-05
C*07:575,1,1,"11,658",9e-05
C*03:279,1,1,"11,658",9e-05
C*12:164,1,1,"11,658",9e-05
C*12:136,1,1,"11,698",9e-05
C*03:195,1,1,"10,532",9e-05
C*12:236N,1,1,"11,698",9e-05
C*03:36,9,18,"233,710",8e-05
C*04:30,3,1,"13,004",8e-05
C*04:07,82,930,"11,762,476",8e-05
C*07:343,2,3,"34,550",8e-05
C*02:29,4,4,"59,076",7e-05
C*03:25,13,3,"44,470",7e-05
C*04:132,1,4,"57,854",7e-05
C*07:63,3,1,"10,270",7e-05
C*12:05,63,894,"12,146,230",7e-05
C*15:64,2,2,"23,604",7e-05
C*03:153,2,2,"27,698",7e-05
C*03:86,1,1,"15,190",7e-05
C*07:46,7,671,"9,545,006",7e-05
C*15:11,35,679,"11,693,774",6e-05
C*07:739,2,2,"34,550",6e-05
C*03:37,6,6,"116,398",6e-05
C*15:27,4,1,"12,560",6e-05
C*06:15,7,8,"171,010",5e-05
C*14:04,53,618,"11,376,028",5e-05
C*04:10,39,460,"9,010,940",5e-05
C*16:143,1,1,"22,892",4e-05
C*07:22,28,458,"10,427,180",4e-05
C*03:359,1,2,"47,190",4e-05
C*04:339,1,1,"22,892",4e-05
C*03:44,7,409,"9,684,700",4e-05
C*07:10,37,378,"10,454,804",4e-05
C*06:79N,1,1,"22,892",4e-05
C*07:289,1,1,"22,892",4e-05
C*01:163,1,1,"22,892",4e-05
C*07:12,30,444,"10,471,566",4e-05
C*07:07,71,427,"10,761,740",4e-05
C*06:04,50,395,"10,175,892",4e-05
C*04:207,1,1,"22,892",4e-05
C*06:152N,1,1,"22,892",4e-05
C*04:195,1,1,"22,892",4e-05
C*06:162,1,1,"22,892",4e-05
C*14:72,1,1,"22,892",4e-05
C*14:24,1,1,"22,892",4e-05
C*03:163,1,1,"22,892",4e-05
C*15:12,9,7,"206,694",4e-05
C*02:18,6,3,"72,284",4e-05
C*15:193,1,1,"22,892",4e-05
C*15:68,1,1,"22,892",4e-05
C*04:122,1,1,"22,892",4e-05
C*05:09,50,325,"11,606,530",3e-05
C*03:21,7,10,"362,940",3e-05
C*05:08,16,279,"9,807,536",3e-05
C*03:60,3,3,"101,740",3e-05
C*01:04,38,12,"393,046",3e-05
C*01:05,18,5,"174,006",3e-05
C*07:60,7,247,"9,537,484",3e-05
C*08:16,5,4,"147,744",3e-05
C*07:19,23,336,"10,464,162",3e-05
C*14:05,16,268,"10,064,516",3e-05
C*03:49,3,4,"157,974",3e-05
C*03:56,5,9,"310,796",3e-05
C*07:17,29,330,"11,827,318",3e-05
C*07:23,8,2,"76,184",3e-05
C*12:16,8,247,"9,570,494",3e-05
C*07:27,37,319,"12,624,014",3e-05
C*07:05,84,252,"9,565,020",3e-05
C*07:68,6,175,"9,628,384",2e-05
C*03:16,26,265,"11,549,992",2e-05
C*17:28,1,1,"57,854",2e-05
C*04:198,1,1,"47,190",2e-05
C*15:18,3,3,"202,150",2e-05
C*15:62,1,1,"57,854",2e-05
C*07:40,10,196,"9,679,502",2e-05
C*16:85,1,1,"47,190",2e-05
C*06:17,20,64,"3,008,366",2e-05
C*08:28,4,118,"7,049,560",2e-05
C*03:14,18,249,"11,005,080",2e-05
C*08:42,1,2,"87,080",2e-05
C*06:12,3,2,"157,974",2e-05
C*04:13,17,186,"8,188,648",2e-05
C*06:159,1,1,"47,190",2e-05
C*05:80,1,1,"47,190",2e-05
C*07:308,1,1,"47,190",2e-05
C*03:57,3,4,"199,580",2e-05
C*07:252,1,1,"47,190",2e-05
C*07:15,21,163,"10,732,098",2e-05
C*07:29,36,230,"11,063,326",2e-05
C*07:36,7,195,"9,613,992",2e-05
C*04:267,1,1,"47,190",2e-05
C*15:22,4,20,"948,326",2e-05
C*15:45,2,8,"492,772",2e-05
C*02:56,1,1,"47,190",2e-05
C*08:06,47,160,"9,926,156",2e-05
C*08:13,10,31,"1,372,918",2e-05
C*08:27,5,6,"289,950",2e-05
C*03:39,3,4,"202,150",2e-05
C*03:27,16,8,"425,656",2e-05
C*07:182,1,1,"57,854",2e-05
C*15:07,81,291,"11,751,456",2e-05
C*01:142,1,1,"47,190",2e-05
C*01:07,16,193,"10,079,750",2e-05
C*01:127,1,1,"47,190",2e-05
C*16:19,3,7,"393,870",2e-05
C*01:32,7,108,"7,068,052",2e-05
C*18:03,6,4,"848,332",1e-05
C*01:10,15,48,"7,978,670",1e-05
C*16:06,9,1,"92,650",1e-05
C*16:08,8,6,"850,132",1e-05
C*04:14,12,10,"859,840",1e-05
C*04:11,16,75,"9,489,574",1e-05
C*15:48,1,1,"293,428",1e-05
C*15:36,2,4,"435,208",1e-05
C*15:24,3,55,"6,991,706",1e-05
C*05:15,4,45,"6,977,762",1e-05
C*05:13,5,135,"9,480,096",1e-05
C*05:05,15,65,"10,248,628",1e-05
C*07:55N,4,42,"6,994,316",1e-05
C*03:35,4,52,"9,400,718",1e-05
C*14:10,4,7,"893,082",1e-05
C*07:178,3,4,"270,476",1e-05
C*08:10,13,44,"3,680,710",1e-05
C*07:91,3,43,"6,913,000",1e-05
C*03:23,16,21,"2,670,264",1e-05
C*02:38,1,48,"6,912,132",1e-05
C*02:28,2,2,"141,976",1e-05
C*12:34,4,51,"9,445,418",1e-05
C*12:30,3,70,"6,959,518",1e-05
C*07:161,2,6,"525,950",1e-05
C*07:248,2,102,"6,921,910",1e-05
C*07:25,10,104,"9,420,238",1e-05
C*03:42,5,50,"7,750,848",1e-05
C*07:162,2,3,"525,950",1e-05
C*07:163,2,3,"525,950",1e-05
C*07:164N,2,3,"525,950",1e-05
C*07:168,2,4,"525,950",1e-05
C*07:169,2,6,"525,950",1e-05
C*03:78,3,6,"816,094",1e-05
C*07:35,9,55,"8,111,006",1e-05
C*07:32N,6,48,"9,481,212",1e-05
C*07:30,3,1,"144,586",1e-05
C*07:140,1,13,"2,485,780",1e-05
C*07:120,1,41,"6,912,132",1e-05
C*01:16,10,11,"1,321,272",1e-05
C*01:17,23,87,"10,501,454",1e-05
C*01:18,7,6,"441,908",1e-05
C*07:49,6,51,"6,921,270",1e-05
C*07:43,13,20,"2,804,200",1e-05
C*06:30,6,58,"9,564,040",1e-05
C*06:32,2,4,"427,896",1e-05
C*06:27,11,58,"7,457,054",1e-05
C*06:28,4,49,"6,996,688",1e-05
C*06:23,3,126,"9,398,108",1e-05
C*06:18,6,99,"7,066,258",1e-05
C*04:17,3,3,"525,276",1e-05
C*05:42,1,2,"141,780",1e-05
C*05:34,3,56,"6,922,526",1e-05
C*17:04,7,8,"849,460",1e-05
C*04:56,1,41,"6,912,132",1e-05
C*04:46,4,6,"581,192",1e-05
C*12:12,23,70,"10,558,546",1e-05
C*12:13,21,126,"10,878,200",1e-05
C*12:09,20,90,"10,227,912",1e-05
C*03:07,42,173,"11,671,538",1e-05
C*03:08,51,126,"10,366,742",1e-05
C*03:10,37,82,"10,248,306",1e-05
C*08:29,2,1,"141,976",1e-05
C*06:06,32,137,"12,025,562",1e-05
C*06:07,21,158,"11,456,538",1e-05
C*06:08,20,164,"11,353,444",1e-05
C*06:09,21,67,"8,710,664",1e-05
C*04:19,4,9,"818,704",1e-05
C*08:35,1,2,"293,428",1e-05
C*08:23,2,2,"141,976",1e-05
C*08:08,27,11,"869,140",1e-05
C*04:37,6,87,"9,403,386",1e-05
C*04:27,8,66,"7,817,578",1e-05
C*04:26,7,10,"1,294,006",1e-05
C*04:05,27,92,"9,500,672",1e-05
C*04:08,25,87,"11,497,882",1e-05
C*06:14,5,81,"9,400,822",1e-05
C*05:07N,17,79,"10,986,602",1e-05
C*02:20,4,3,"527,490",1e-05
C*02:16,6,53,"10,275,186",1e-05
C*02:13,4,41,"6,994,316",1e-05
C*02:14,10,109,"8,252,786",1e-05
C*15:19,6,4,"537,640",1e-05
C*01:06,25,79,"9,875,682",1e-05
C*02:07,19,138,"11,387,520",1e-05
C*02:08,21,76,"10,351,254",1e-05
C*15:21,4,3,"202,466",1e-05
C*15:10,31,51,"7,425,762",1e-05
C*15:03,55,42,"2,812,016",1e-05
C*01:08,19,38,"7,399,622",1e-05
C*03:26,15,39,"7,035,980",1e-05
C*03:19,55,114,"9,866,828",1e-05
C*03:17,19,60,"7,913,478",1e-05
C*18:06,2,1,"6,969,986",0.0
C*01:110,1,0,"6,912,132",0.0
C*01:59,1,14,"6,912,132",0.0
C*01:60,1,7,"6,912,132",0.0
C*01:63,1,0,"6,912,132",0.0
C*01:64,1,0,"6,912,132",0.0
C*01:70,1,0,"6,912,132",0.0
C*01:72,1,0,"6,912,132",0.0
C*01:99,1,0,"6,912,132",0.0
C*02:03,45,35,"10,301,294",0.0
C*01:34,1,0,196,0.0
C*01:36,1,0,"6,912,132",0.0
C*01:41,1,0,"6,912,132",0.0
C*01:45,1,21,"6,912,132",0.0
C*01:51,2,10,"9,397,912",0.0
C*01:52,2,22,"6,922,330",0.0
C*01:54,2,7,"6,991,510",0.0
C*01:58,1,7,"6,912,132",0.0
C*15:58,3,4,"6,946,682",0.0
C*15:59,1,0,"6,912,132",0.0
C*15:63,1,0,"6,912,132",0.0
C*15:65,1,0,"6,912,132",0.0
C*15:69,1,7,"6,912,132",0.0
C*15:72,2,1,"6,913,272",0.0
C*01:31,1,0,196,0.0
C*01:33,2,0,"6,912,328",0.0
C*15:38,1,7,"6,912,132",0.0
C*15:39,2,0,"6,912,420",0.0
C*15:40,1,0,"6,912,132",0.0
C*15:41,1,0,"6,912,132",0.0
C*15:44,1,7,"6,912,132",0.0
C*15:50,1,0,"79,378",0.0
C*15:52,1,0,"6,912,132",0.0
C*15:56,1,0,"6,912,132",0.0
C*04:55,2,4,"7,205,560",0.0
C*04:58,2,0,"6,991,510",0.0
C*04:61,1,7,"6,912,132",0.0
C*04:62,1,7,"6,912,132",0.0
C*04:63,1,7,"2,485,780",0.0
C*04:64,1,0,"6,912,132",0.0
C*04:65,1,7,"6,912,132",0.0
C*04:66,1,0,"6,912,132",0.0
C*04:47,2,35,"6,912,328",0.0
C*04:48,2,0,"6,912,328",0.0
C*04:49,3,5,"2,856,758",0.0
C*04:50,2,0,"6,912,328",0.0
C*04:51,1,0,196,0.0
C*04:52,4,5,"10,231,270",0.0
C*04:53,1,0,196,0.0
C*04:54,3,4,"2,627,876",0.0
C*17:17,2,2,"6,912,804",0.0
C*17:19,1,0,"6,912,132",0.0
C*17:32,1,0,"6,912,132",0.0
C*04:40,1,0,196,0.0
C*04:41,1,0,196,0.0
C*04:42,3,1,"6,970,182",0.0
C*04:44,1,0,196,0.0
C*04:45,2,28,"6,912,328",0.0
C*16:77N,1,0,"6,912,132",0.0
C*16:78,1,0,"6,912,132",0.0
C*16:92,1,0,"6,912,132",0.0
C*16:96,1,0,"6,912,132",0.0
C*17:05,2,0,"2,806",0.0
C*17:06,1,0,196,0.0
C*17:07,1,14,"6,912,132",0.0
C*17:16,1,0,"6,912,132",0.0
C*04:344,1,0,"6,912,132",0.0
C*04:349N,1,0,"6,912,132",0.0
C*04:35,3,0,"6,914,938",0.0
C*04:36,3,4,"2,488,586",0.0
C*04:360,1,0,"6,912,132",0.0
C*04:38,1,0,196,0.0
C*04:83,1,0,"6,912,132",0.0
C*04:86,1,0,"6,912,132",0.0
C*04:293,1,0,"6,912,132",0.0
C*04:301,1,7,"6,912,132",0.0
C*04:313,1,0,"6,912,132",0.0
C*04:32,5,11,"10,233,880",0.0
C*04:33,7,22,"10,766,062",0.0
C*04:34,3,2,"835,968",0.0
C*04:340,1,0,"6,912,132",0.0
C*04:343,1,0,"6,912,132",0.0
C*04:240,1,0,"6,912,132",0.0
C*04:244,1,0,"6,912,132",0.0
C*04:245,1,0,"6,912,132",0.0
C*04:246,1,0,"6,912,132",0.0
C*04:261,1,0,"6,912,132",0.0
C*04:276,1,0,"6,912,132",0.0
C*04:28,2,0,"2,806",0.0
C*04:29,11,28,"10,293,674",0.0
C*04:67,1,0,"6,912,132",0.0
C*04:70,1,0,"6,912,132",0.0
C*04:71,1,0,"6,912,132",0.0
C*04:72,1,0,"6,912,132",0.0
C*04:73,1,0,"6,912,132",0.0
C*04:75,1,0,"6,912,132",0.0
C*04:77,2,5,"2,532,970",0.0
C*04:78,2,0,"6,991,510",0.0
C*05:146,1,0,"6,912,132",0.0
C*05:16,4,21,"6,994,316",0.0
C*05:163,1,0,"6,912,132",0.0
C*05:166,1,0,"6,912,132",0.0
C*05:17,3,0,"6,914,938",0.0
C*05:170,1,0,"6,912,132",0.0
C*05:173,1,0,"6,912,132",0.0
C*05:178,1,0,"6,912,132",0.0
C*05:134,1,0,"6,912,132",0.0
C*05:135,1,0,"6,912,132",0.0
C*05:139,1,0,"6,912,132",0.0
C*05:14,15,21,"9,442,382",0.0
C*05:140,1,0,"6,912,132",0.0
C*05:141,1,0,"6,912,132",0.0
C*05:143,1,0,"6,912,132",0.0
C*05:144,1,0,"6,912,132",0.0
C*05:104,1,0,"6,912,132",0.0
C*05:109,1,0,"6,912,132",0.0
C*05:11,9,31,"10,235,360",0.0
C*05:111,1,7,"6,912,132",0.0
C*05:114,1,0,"6,912,132",0.0
C*05:118,1,0,"6,912,132",0.0
C*05:12,2,0,"2,806",0.0
C*05:133,1,0,"6,912,132",0.0
C*04:90,1,0,"6,912,132",0.0
C*04:92,1,0,"6,912,132",0.0
C*04:93N,1,7,"6,912,132",0.0
C*04:95N,1,7,"6,912,132",0.0
C*04:96,1,7,"6,912,132",0.0
C*05:04,36,20,"7,971,182",0.0
C*05:06,11,9,"9,633,462",0.0
C*05:10,7,11,"2,560,976",0.0
C*05:30,2,0,"6,912,328",0.0
C*05:32,4,9,"7,038,896",0.0
C*05:33,2,7,"6,912,328",0.0
C*05:36,2,11,"9,397,912",0.0
C*05:38,1,2,"2,485,780",0.0
C*05:39,3,46,"9,539,692",0.0
C*05:40,1,0,"6,912,132",0.0
C*05:41,1,0,"6,912,132",0.0
C*05:22,4,20,"9,400,718",0.0
C*05:23,2,0,"2,806",0.0
C*05:24,2,7,"6,912,328",0.0
C*05:25,4,1,"6,953,950",0.0
C*05:26,2,0,"6,912,328",0.0
C*05:27,2,2,"2,485,976",0.0
C*05:28,2,28,"6,912,328",0.0
C*05:29,5,26,"9,477,802",0.0
C*05:195,1,0,"6,912,132",0.0
C*05:196,1,0,"6,912,132",0.0
C*05:198,1,0,"6,912,132",0.0
C*05:20,6,7,"7,441,016",0.0
C*05:201,1,0,"6,912,132",0.0
C*05:205,1,0,"6,912,132",0.0
C*05:208N,1,0,"6,912,132",0.0
C*05:21,2,0,"2,806",0.0
C*05:18,5,20,"7,343,574",0.0
C*05:181,1,0,"6,912,132",0.0
C*05:184,1,0,"6,912,132",0.0
C*05:186,1,0,"6,912,132",0.0
C*05:188,1,0,"6,912,132",0.0
C*05:189,1,0,"6,912,132",0.0
C*05:19,3,14,"6,914,938",0.0
C*05:194,1,0,"6,912,132",0.0
C*04:206,1,7,"6,912,132",0.0
C*04:209,1,0,"6,912,132",0.0
C*04:217N,1,0,"6,912,132",0.0
C*04:218,1,7,"6,912,132",0.0
C*04:219,1,0,"6,912,132",0.0
C*04:223,1,0,"6,912,132",0.0
C*04:225N,1,0,"6,912,132",0.0
C*04:227,1,0,"6,912,132",0.0
C*04:16,8,37,"9,482,702",0.0
C*04:166,1,0,"6,912,132",0.0
C*04:177,2,1,"6,912,804",0.0
C*04:178,1,0,"6,912,132",0.0
C*04:186,1,0,"6,912,132",0.0
C*04:199,1,0,"6,912,132",0.0
C*04:200,1,0,"6,912,132",0.0
C*04:201,1,0,"6,912,132",0.0
C*05:63,1,0,"6,912,132",0.0
C*05:65,2,9,"6,922,330",0.0
C*05:67,1,14,"6,912,132",0.0
C*05:68,1,0,"6,912,132",0.0
C*05:76,1,0,"6,912,132",0.0
C*05:78,1,0,"6,912,132",0.0
C*04:143,2,2,"6,912,804",0.0
C*04:15,19,23,"10,284,274",0.0
C*05:43,1,7,"6,912,132",0.0
C*05:44,1,7,"6,912,132",0.0
C*05:46,1,0,"6,912,132",0.0
C*05:47,2,7,"6,991,510",0.0
C*05:49,1,0,"6,912,132",0.0
C*05:52,1,0,"6,912,132",0.0
C*05:58,1,0,"6,912,132",0.0
C*05:60,1,0,"6,912,132",0.0
C*04:104,1,7,"6,912,132",0.0
C*04:108,1,0,"6,912,132",0.0
C*04:110,1,7,"6,912,132",0.0
C*04:114,1,0,"6,912,132",0.0
C*04:118,1,7,"6,912,132",0.0
C*04:12,9,4,"9,402,514",0.0
C*04:120,1,0,"6,912,132",0.0
C*04:124,1,0,"6,912,132",0.0
C*06:132,1,0,"6,912,132",0.0
C*06:134N,1,0,"6,912,132",0.0
C*06:136,1,0,"6,912,132",0.0
C*06:142,1,0,"6,912,132",0.0
C*06:144,1,0,"6,912,132",0.0
C*06:148,1,7,"6,912,132",0.0
C*03:95,1,0,"6,912,132",0.0
C*04:102,1,0,"6,912,132",0.0
C*06:05,13,0,"6,990",0.0
C*06:10,11,7,"6,929,098",0.0
C*06:102,1,0,"6,912,132",0.0
C*06:106,1,0,"6,912,132",0.0
C*06:11,14,18,"9,405,808",0.0
C*06:122,1,0,"6,912,132",0.0
C*06:127,4,3,"7,004,576",0.0
C*06:13,2,0,"2,806",0.0
C*04:228,1,0,"6,912,132",0.0
C*04:23,4,5,"2,567,964",0.0
C*04:24,8,17,"9,855,132",0.0
C*05:82,1,0,"6,912,132",0.0
C*05:83,1,0,"6,912,132",0.0
C*05:98,1,7,"6,912,132",0.0
C*05:99N,2,16,"6,974,956",0.0
C*06:03,50,20,"9,444,054",0.0
C*06:247,1,0,"6,912,132",0.0
C*06:25,2,0,"6,912,328",0.0
C*06:252,1,0,"6,912,132",0.0
C*06:26,2,7,"6,912,328",0.0
C*06:29,1,0,196,0.0
C*06:34,1,7,"6,912,132",0.0
C*06:37,1,0,"6,912,132",0.0
C*06:38,2,4,"6,983,714",0.0
C*06:198,1,0,"6,912,132",0.0
C*06:20,3,3,"9,398,108",0.0
C*06:202,1,0,"6,912,132",0.0
C*06:21,2,0,"6,912,328",0.0
C*06:219,1,0,"6,912,132",0.0
C*06:221,1,0,"6,912,132",0.0
C*06:233,1,0,"6,912,132",0.0
C*06:245,1,0,"6,912,132",0.0
C*06:16N,6,8,"9,403,506",0.0
C*06:183,1,0,"6,912,132",0.0
C*06:185,1,0,"6,912,132",0.0
C*06:186,1,0,"6,912,132",0.0
C*06:187,1,0,"6,912,132",0.0
C*06:188,1,0,"6,912,132",0.0
C*06:19,3,0,"6,914,938",0.0
C*06:193,1,0,"6,912,132",0.0
C*04:131,1,7,"6,912,132",0.0
C*04:133,1,0,"6,912,132",0.0
C*04:139,1,7,"6,912,132",0.0
C*06:149,1,0,"6,912,132",0.0
C*06:153,1,0,"6,912,132",0.0
C*06:155,1,0,"6,912,132",0.0
C*06:158,1,0,"6,912,132",0.0
C*06:161,1,0,"6,912,132",0.0
C*07:08,48,22,"7,023,820",0.0
C*07:09,40,21,"10,669,384",0.0
C*07:100,3,10,"7,846,522",0.0
C*07:101,3,29,"7,846,522",0.0
C*07:102,4,4,"7,925,900",0.0
C*07:103,3,3,"934,706",0.0
C*07:104N,3,4,"3,420,170",0.0
C*07:105,3,10,"7,846,522",0.0
C*06:77,1,0,"6,912,132",0.0
C*06:78,1,0,"6,912,132",0.0
C*06:81,1,0,"6,912,132",0.0
C*06:86,2,1,"6,959,322",0.0
C*06:87,1,0,"6,912,132",0.0
C*06:89,2,1,"6,922,330",0.0
C*06:91,1,14,"6,912,132",0.0
C*06:96,2,8,"6,920,802",0.0
C*06:54,1,7,"6,912,132",0.0
C*06:57,1,0,"79,378",0.0
C*06:58,1,0,"6,912,132",0.0
C*06:59,1,0,"6,912,132",0.0
C*06:61,1,0,"6,912,132",0.0
C*06:65,1,7,"6,912,132",0.0
C*06:66,2,11,"6,912,804",0.0
C*06:70,1,0,"6,912,132",0.0
C*06:39,3,3,"7,340,028",0.0
C*06:41,1,0,"6,912,132",0.0
C*06:43,2,0,"6,991,510",0.0
C*06:47,2,23,"6,969,246",0.0
C*06:48,1,0,"6,912,132",0.0
C*06:49N,2,2,"6,969,986",0.0
C*06:50,2,2,"7,745,294",0.0
C*06:53,4,5,"6,919,778",0.0
C*07:134,1,0,"6,912,132",0.0
C*07:135,1,0,"6,912,132",0.0
C*07:137,2,10,"7,434,602",0.0
C*07:138,2,9,"6,912,448",0.0
C*07:139,1,0,"6,912,132",0.0
C*07:141,5,7,"10,288,860",0.0
C*03:59,2,0,"6,912,328",0.0
C*03:61,1,0,196,0.0
C*07:126,3,8,"6,993,660",0.0
C*07:127,1,7,"6,912,132",0.0
C*07:129,1,0,"6,912,132",0.0
C*07:13,42,31,"9,573,278",0.0
C*07:130,2,11,"7,282,914",0.0
C*07:131,1,0,"6,912,132",0.0
C*07:132,1,0,"6,912,132",0.0
C*07:133,2,11,"9,397,912",0.0
C*07:114,1,7,"6,912,132",0.0
C*07:116,1,7,"6,912,132",0.0
C*07:117,2,29,"6,959,322",0.0
C*07:118,1,14,"6,912,132",0.0
C*07:119,1,7,"6,912,132",0.0
C*07:121Q,1,7,"6,912,132",0.0
C*07:122,1,7,"6,912,132",0.0
C*07:124,1,7,"6,912,132",0.0
C*07:106,4,19,"7,893,712",0.0
C*07:107,2,3,"934,390",0.0
C*07:108,3,9,"7,846,522",0.0
C*07:109,7,9,"7,857,232",0.0
C*07:11,35,0,"11,768",0.0
C*07:110,1,0,"6,912,132",0.0
C*07:112,1,2,"833,162",0.0
C*07:113,1,0,"6,912,132",0.0
C*03:94,4,7,"7,158,294",0.0
C*07:142,1,0,"6,912,132",0.0
C*07:143,1,7,"6,912,132",0.0
C*07:145,1,7,"6,912,132",0.0
C*07:146,1,0,"6,912,132",0.0
C*07:147,2,7,"6,991,510",0.0
C*07:148,1,14,"6,912,132",0.0
C*07:150Q,1,1,"833,162",0.0
C*03:80,1,0,"6,912,132",0.0
C*03:81,2,1,"6,921,844",0.0
C*03:82,1,3,"2,485,780",0.0
C*03:83,1,0,"6,912,132",0.0
C*03:85,2,2,"6,922,664",0.0
C*03:91,1,7,"6,912,132",0.0
C*03:92,1,0,"6,912,132",0.0
C*03:93,1,0,"6,912,132",0.0
C*03:71,1,0,196,0.0
C*03:72,1,0,196,0.0
C*03:73,2,0,"6,912,328",0.0
C*03:74,1,0,196,0.0
C*03:75,1,0,196,0.0
C*03:76,1,0,196,0.0
C*03:77,2,0,"6,912,328",0.0
C*03:79,2,0,"6,912,328",0.0
C*03:62,1,0,196,0.0
C*03:63,1,0,196,0.0
C*03:64,4,12,"6,952,254",0.0
C*03:65,2,0,"6,912,328",0.0
C*03:66,2,0,"6,912,328",0.0
C*03:68,1,0,196,0.0
C*03:69,3,16,"9,398,108",0.0
C*03:70,2,21,"6,912,328",0.0
C*07:20,8,0,"4,802",0.0
C*07:204,1,0,"6,912,132",0.0
C*07:205,1,21,"6,912,132",0.0
C*07:207,1,0,"6,912,132",0.0
C*07:209,1,7,"6,912,132",0.0
C*07:21,14,16,"9,566,432",0.0
C*07:212,1,7,"6,912,132",0.0
C*07:214,1,0,"6,912,132",0.0
C*07:177,4,4,"7,182,608",0.0
C*07:179,5,18,"7,261,986",0.0
C*07:180,1,14,"6,912,132",0.0
C*07:181,2,12,"6,912,804",0.0
C*07:185,1,0,"6,912,132",0.0
C*07:187,1,0,"79,378",0.0
C*07:192,1,14,"6,912,132",0.0
C*07:199,1,0,"6,912,132",0.0
C*07:165,6,20,"10,898,804",0.0
C*07:170,5,7,"7,183,280",0.0
C*07:171,5,5,"7,238,564",0.0
C*07:172,5,23,"7,185,534",0.0
C*07:173,4,6,"7,182,608",0.0
C*07:174,4,5,"7,182,608",0.0
C*07:175,4,5,"7,182,608",0.0
C*07:176,4,5,"7,182,608",0.0
C*07:151,2,1,"7,745,294",0.0
C*07:152N,1,2,"833,162",0.0
C*07:154,1,1,"833,162",0.0
C*07:155,3,13,"7,824,672",0.0
C*07:156,1,2,"833,162",0.0
C*07:157,1,2,"833,162",0.0
C*07:158,1,2,"833,162",0.0
C*07:16,28,53,"10,806,370",0.0
C*03:479,1,0,"6,912,132",0.0
C*03:48,2,0,"2,806",0.0
C*03:50,2,0,"2,806",0.0
C*03:51,2,35,"6,912,328",0.0
C*03:52,1,0,196,0.0
C*03:53,3,23,"9,398,108",0.0
C*03:54,4,2,"7,038,896",0.0
C*03:55,2,0,"6,912,328",0.0
C*03:41,3,7,"6,914,938",0.0
C*03:414,1,0,"6,912,132",0.0
C*03:420,1,0,"6,912,132",0.0
C*03:43,9,26,"7,210,584",0.0
C*03:430,1,0,"6,912,132",0.0
C*03:45,2,0,"2,806",0.0
C*03:46,4,1,"6,916,840",0.0
C*03:47,4,4,"7,437,408",0.0
C*07:241,1,7,"6,912,132",0.0
C*07:242,1,14,"6,912,132",0.0
C*03:38,12,24,"8,848,804",0.0
C*03:395,1,0,"6,912,132",0.0
C*03:398,1,0,"6,912,132",0.0
C*03:40,5,26,"9,694,146",0.0
C*03:400,1,0,"6,912,132",0.0
C*03:406,1,0,"6,912,132",0.0
C*07:216,1,7,"6,912,132",0.0
C*07:218,1,7,"6,912,132",0.0
C*07:222,1,0,"6,912,132",0.0
C*07:223,1,7,"6,912,132",0.0
C*07:224,1,0,"6,912,132",0.0
C*07:238,1,0,"6,912,132",0.0
C*07:24,22,45,"9,446,622",0.0
C*07:240,1,0,"6,912,132",0.0
C*07:319,1,0,"6,912,132",0.0
C*07:322,1,0,"6,912,132",0.0
C*07:330,1,0,"6,912,132",0.0
C*07:33N,5,5,"3,323,650",0.0
C*07:342,1,0,"6,912,132",0.0
C*07:352,1,0,"6,912,132",0.0
C*07:354,1,0,"6,912,132",0.0
C*07:360,1,7,"6,912,132",0.0
C*07:294,1,0,"6,912,132",0.0
C*07:296,1,0,"6,912,132",0.0
C*07:303,1,0,"6,912,132",0.0
C*07:309,1,0,"6,912,132",0.0
C*07:31,4,22,"6,915,862",0.0
C*07:311,1,0,"6,912,132",0.0
C*07:312,2,1,"6,912,804",0.0
C*07:314,3,2,"6,917,462",0.0
C*07:262,2,2,"6,959,322",0.0
C*07:269,1,0,"6,912,132",0.0
C*07:273,1,0,"6,912,132",0.0
C*07:276,1,0,"6,912,132",0.0
C*07:278,1,0,"6,912,132",0.0
C*07:28,9,17,"10,522,982",0.0
C*07:283,1,0,"6,912,132",0.0
C*07:292,1,7,"6,912,132",0.0
C*03:58,1,0,196,0.0
C*07:243,1,0,"6,912,132",0.0
C*07:247,1,0,"6,912,132",0.0
C*07:250,1,0,"6,912,132",0.0
C*07:255,1,0,"6,912,132",0.0
C*07:256,1,0,"6,912,132",0.0
C*07:257,1,7,"6,912,132",0.0
C*07:258,1,0,"6,912,132",0.0
C*07:442,1,0,"6,912,132",0.0
C*07:45,3,0,"6,914,938",0.0
C*07:456,1,0,"6,912,132",0.0
C*07:462,1,0,"6,912,132",0.0
C*07:463,1,0,"6,912,132",0.0
C*07:466,1,0,"6,912,132",0.0
C*07:47,2,0,"2,806",0.0
C*07:483N,1,7,"6,912,132",0.0
C*07:406,2,1,"6,912,804",0.0
C*07:408,2,1,"6,912,910",0.0
C*07:409,1,0,"6,912,132",0.0
C*07:41,4,1,"6,915,254",0.0
C*07:411,1,0,"6,912,132",0.0
C*07:42,2,0,"2,806",0.0
C*07:437N,1,0,"6,912,132",0.0
C*07:440,1,0,"6,912,132",0.0
C*07:386,1,0,"6,912,132",0.0
C*07:39,3,7,"6,914,938",0.0
C*07:391,1,7,"6,912,132",0.0
C*07:392,1,0,"6,912,132",0.0
C*07:397,1,0,"6,912,132",0.0
C*07:399,1,0,"6,912,132",0.0
C*07:400,1,0,"6,912,132",0.0
C*07:402,1,0,"6,912,132",0.0
C*07:37,6,17,"6,920,300",0.0
C*07:370,1,0,"6,912,132",0.0
C*07:374,1,0,"6,912,132",0.0
C*07:376,1,0,"6,912,132",0.0
C*07:379,1,0,"6,912,132",0.0
C*07:38,3,3,"2,488,586",0.0
C*07:381,1,0,"6,912,132",0.0
C*07:384,1,0,"6,912,132",0.0
C*07:529,1,0,"6,912,132",0.0
C*07:53,3,7,"6,914,938",0.0
C*07:54,3,21,"6,914,938",0.0
C*07:540,1,0,"6,912,132",0.0
C*07:545,1,0,"6,912,132",0.0
C*07:547,1,0,"6,912,132",0.0
C*07:548,1,7,"6,912,132",0.0
C*07:550,1,0,"6,912,132",0.0
C*07:52,2,0,"2,806",0.0
C*07:522,1,0,"6,912,132",0.0
C*07:523,1,0,"6,912,132",0.0
C*07:524,1,0,"6,912,132",0.0
C*07:525,1,0,"6,912,132",0.0
C*07:526,1,0,"6,912,132",0.0
C*07:527,1,0,"6,912,132",0.0
C*07:528,1,0,"6,912,132",0.0
C*07:51,8,32,"10,677,706",0.0
C*07:511,1,0,"6,912,132",0.0
C*07:512,1,0,"6,912,132",0.0
C*07:513Q,1,0,"6,912,132",0.0
C*07:514,1,0,"6,912,132",0.0
C*07:517,1,0,"6,912,132",0.0
C*07:518,1,0,"6,912,132",0.0
C*07:519,1,0,"6,912,132",0.0
C*07:487,1,0,"6,912,132",0.0
C*07:491,1,0,"6,912,132",0.0
C*07:50,2,0,"2,806",0.0
C*07:503,1,0,"6,912,132",0.0
C*07:504,1,0,"6,912,132",0.0
C*07:507N,1,0,"6,912,132",0.0
C*07:508,1,0,"6,912,132",0.0
C*07:509,1,0,"6,912,132",0.0
C*03:360,1,0,"6,912,132",0.0
C*03:363N,1,0,"6,912,132",0.0
C*03:364,1,0,"6,912,132",0.0
C*07:56,14,30,"7,534,022",0.0
C*07:564,1,7,"6,912,132",0.0
C*07:57,2,0,"2,806",0.0
C*07:58,4,4,"977,748",0.0
C*07:59,2,0,"2,806",0.0
C*03:317,1,7,"6,912,132",0.0
C*03:32,6,15,"7,036,738",0.0
C*03:326,1,0,"6,912,132",0.0
C*03:336,1,7,"6,912,132",0.0
C*03:337,1,0,"6,912,132",0.0
C*03:339,1,0,"6,912,132",0.0
C*03:34,4,2,"6,937,936",0.0
C*03:340,1,7,"6,912,132",0.0
C*03:30,3,3,"2,488,586",0.0
C*03:305,1,0,"6,912,132",0.0
C*03:307,1,0,"6,912,132",0.0
C*03:309,1,0,"6,912,132",0.0
C*03:31,3,0,"6,914,938",0.0
C*03:311,1,0,"6,912,132",0.0
C*03:315,1,7,"6,912,132",0.0
C*03:316N,1,0,"6,912,132",0.0
C*07:551N,1,0,"6,912,132",0.0
C*07:552,1,7,"6,912,132",0.0
C*07:553,1,0,"6,912,132",0.0
C*07:554,1,0,"6,912,132",0.0
C*07:555,1,0,"6,912,132",0.0
C*03:28,5,16,"6,923,712",0.0
C*03:287,1,0,"6,912,132",0.0
C*03:29,2,0,"2,806",0.0
C*07:719,1,0,"6,912,132",0.0
C*07:72,3,6,"2,627,756",0.0
C*07:723,1,0,"6,912,132",0.0
C*07:725,1,0,"6,912,132",0.0
C*07:73,1,0,196,0.0
C*07:74,1,0,196,0.0
C*07:75,3,7,"6,991,706",0.0
C*07:755,1,0,"6,912,132",0.0
C*07:689,1,0,"6,912,132",0.0
C*07:69,1,0,196,0.0
C*07:698,1,0,"6,912,132",0.0
C*07:699,1,0,"6,912,132",0.0
C*07:70,2,4,"2,485,976",0.0
C*07:71,2,3,"2,485,976",0.0
C*07:710,1,0,"6,912,132",0.0
C*07:712,1,0,"6,912,132",0.0
C*07:65,4,4,"6,915,610",0.0
C*07:652,1,0,"6,912,132",0.0
C*07:653,1,0,"6,912,132",0.0
C*07:654,1,0,"6,912,132",0.0
C*07:672N,1,7,"6,912,132",0.0
C*07:679,1,0,"6,912,132",0.0
C*07:681,1,0,"6,912,132",0.0
C*07:683,1,0,"6,912,132",0.0
C*07:61N,5,6,"1,415,552",0.0
C*07:62,2,0,"2,806",0.0
C*07:627,1,0,"6,912,132",0.0
C*07:631,1,0,"6,912,132",0.0
C*07:633N,1,0,"6,912,132",0.0
C*07:634,1,0,"6,912,132",0.0
C*07:637,1,0,"6,912,132",0.0
C*07:64,2,0,"2,806",0.0
C*03:18,7,4,"9,401,526",0.0
C*03:180,1,0,"6,912,132",0.0
C*03:184,1,0,"6,912,132",0.0
C*03:20N,3,0,"3,122",0.0
C*03:217,1,7,"6,912,132",0.0
C*03:22Q,2,0,"2,806",0.0
C*03:243,1,0,"6,912,132",0.0
C*03:251,1,7,"6,912,132",0.0
C*03:154,1,7,"6,912,132",0.0
C*03:156,1,0,"6,912,132",0.0
C*03:159,1,7,"6,912,132",0.0
C*03:165,1,0,"6,912,132",0.0
C*03:173,1,0,"6,912,132",0.0
C*03:175,1,0,"6,912,132",0.0
C*03:176,1,0,"6,912,132",0.0
C*03:177,1,0,"6,912,132",0.0
C*07:83,2,14,"6,912,328",0.0
C*07:84,1,0,196,0.0
C*07:85,5,15,"9,770,636",0.0
C*07:86,1,0,196,0.0
C*07:87,2,0,"6,912,328",0.0
C*07:88,2,0,"6,912,328",0.0
C*03:150,1,0,"6,912,132",0.0
C*03:151,1,7,"6,912,132",0.0
C*07:757,1,0,"6,912,132",0.0
C*07:76,5,13,"7,055,096",0.0
C*07:77,1,0,196,0.0
C*07:78,2,0,"6,912,328",0.0
C*07:79,2,28,"6,912,328",0.0
C*07:80,5,2,"6,997,708",0.0
C*07:81,2,0,"6,912,328",0.0
C*07:82,2,0,"6,912,328",0.0
C*08:17,2,0,"2,806",0.0
C*08:18,3,2,"835,968",0.0
C*08:19,3,0,"6,914,938",0.0
C*08:24,1,0,196,0.0
C*08:25,3,2,"6,912,644",0.0
C*08:26N,1,0,196,0.0
C*08:30,2,2,"2,485,976",0.0
C*08:31,1,0,196,0.0
C*08:107,1,0,"6,912,132",0.0
C*08:11,14,9,"7,832,076",0.0
C*08:12,16,25,"9,743,900",0.0
C*08:139,1,0,"6,912,132",0.0
C*08:14,2,0,"2,806",0.0
C*08:142,1,0,"6,912,132",0.0
C*08:15,7,18,"9,624,194",0.0
C*08:152,1,0,"6,912,132",0.0
C*07:96,2,21,"6,912,328",0.0
C*07:97,2,7,"6,912,328",0.0
C*07:98N,2,0,"6,912,328",0.0
C*07:99,2,2,"522,666",0.0
C*08:05,38,26,"10,765,810",0.0
C*08:07,17,8,"9,945,096",0.0
C*08:09,12,0,"6,750",0.0
C*08:103,1,7,"6,912,132",0.0
C*03:263,1,0,"6,912,132",0.0
C*03:268,1,0,"6,912,132",0.0
C*07:89,3,8,"7,283,110",0.0
C*07:90,2,0,"6,912,328",0.0
C*07:92,5,21,"9,921,356",0.0
C*07:93,3,11,"7,434,798",0.0
C*07:94,1,0,196,0.0
C*07:95,5,25,"7,057,592",0.0
C*03:140,1,0,"6,912,132",0.0
C*03:141,1,0,"6,912,132",0.0
C*03:143,1,0,"6,912,132",0.0
C*03:148,1,14,"6,912,132",0.0
C*08:68,1,0,"6,912,132",0.0
C*08:69,1,0,"6,912,132",0.0
C*08:73,1,0,"6,912,132",0.0
C*08:76,1,0,"6,912,132",0.0
C*03:122,2,1,"6,959,322",0.0
C*03:127,1,7,"6,912,132",0.0
C*03:129,1,0,"6,912,132",0.0
C*03:13,16,12,"9,404,504",0.0
C*03:130,1,0,"6,912,132",0.0
C*03:134,1,0,"6,912,132",0.0
C*03:136,1,14,"6,912,132",0.0
C*03:139,1,0,"6,912,132",0.0
C*03:103,1,0,"6,912,132",0.0
C*03:104,1,7,"6,912,132",0.0
C*03:109,1,0,"6,912,132",0.0
C*03:11,19,25,"10,240,380",0.0
C*03:113,1,7,"6,912,132",0.0
C*03:115,1,7,"6,912,132",0.0
C*03:116,1,0,"6,912,132",0.0
C*03:119,1,0,"6,912,132",0.0
C*08:32,1,0,"6,912,132",0.0
C*08:33,1,7,"6,912,132",0.0
C*08:34,2,8,"6,912,448",0.0
C*08:37,1,0,"6,912,132",0.0
C*08:43,1,2,"833,162",0.0
C*08:48,1,0,"6,912,132",0.0
C*08:51,1,0,"6,912,132",0.0
C*03:09,41,40,"10,343,200",0.0
C*12:22,1,0,196,0.0
C*12:23,1,0,196,0.0
C*12:230,1,0,"6,912,132",0.0
C*12:232N,1,0,"6,912,132",0.0
C*12:235,1,0,"6,912,132",0.0
C*12:24,4,25,"9,768,890",0.0
C*12:246,1,0,"6,912,132",0.0
C*12:247,1,0,"6,912,132",0.0
C*12:18,9,15,"7,374,432",0.0
C*12:185,2,1,"6,912,910",0.0
C*12:186,1,0,"6,912,132",0.0
C*12:19,5,5,"7,819,682",0.0
C*12:194,1,0,"6,912,132",0.0
C*12:195,1,0,"6,912,132",0.0
C*12:20,4,2,"6,970,894",0.0
C*12:21,6,27,"9,527,286",0.0
C*12:14,8,5,"9,402,068",0.0
C*12:141,1,7,"6,912,132",0.0
C*12:147,1,0,"6,912,132",0.0
C*12:149,1,0,"6,912,132",0.0
C*12:156,1,0,"6,912,132",0.0
C*12:158,1,0,"6,912,132",0.0
C*12:17,2,0,"2,806",0.0
C*12:178,1,0,"6,912,132",0.0
C*12:06,18,18,"9,486,784",0.0
C*12:07,44,17,"7,853,368",0.0
C*12:08,11,0,"5,780",0.0
C*12:10,7,0,"4,602",0.0
C*12:100,1,7,"6,912,132",0.0
C*12:101,3,2,"6,992,878",0.0
C*12:11,8,28,"6,916,734",0.0
C*12:113,1,0,"6,912,132",0.0
C*12:62,1,7,"6,912,132",0.0
C*12:64,1,0,"6,912,132",0.0
C*12:78,1,7,"6,912,132",0.0
C*12:81,1,0,"6,912,132",0.0
C*12:82,1,0,"6,912,132",0.0
C*12:86,1,7,"6,912,132",0.0
C*12:90,1,0,"6,912,132",0.0
C*12:98,2,1,"6,917,114",0.0
C*12:43,1,28,"6,912,132",0.0
C*12:45,1,7,"6,912,132",0.0
C*12:46N,1,0,"6,912,132",0.0
C*12:47,1,0,"6,912,132",0.0
C*12:48,1,7,"6,912,132",0.0
C*12:51,2,1,"9,397,912",0.0
C*12:54,2,1,"6,935,024",0.0
C*12:61,1,0,"6,912,132",0.0
C*12:27,3,0,"6,991,706",0.0
C*12:28,2,21,"6,912,328",0.0
C*12:29,2,0,"6,912,328",0.0
C*12:31,1,0,196,0.0
C*12:33,1,7,"6,912,132",0.0
C*12:35,1,0,"6,912,132",0.0
C*12:38,2,1,"6,923,830",0.0
C*12:42Q,1,28,"6,912,132",0.0
C*12:25,2,0,"6,912,328",0.0
C*12:251,1,0,"6,912,132",0.0
C*12:252,1,0,"6,912,132",0.0
C*12:256,1,0,"6,912,132",0.0
C*12:258,1,0,"6,912,132",0.0
C*12:26,1,0,196,0.0
C*12:263,1,0,"6,912,132",0.0
C*12:264,1,0,"6,912,132",0.0
C*02:92N,1,0,"6,912,132",0.0
C*02:97,1,0,"6,912,132",0.0
C*02:98,1,7,"6,912,132",0.0
C*14:06,14,34,"7,986,814",0.0
C*14:09,2,0,"2,806",0.0
C*14:103,1,0,"6,912,132",0.0
C*14:11,7,13,"3,178,930",0.0
C*14:12,6,7,"7,314,874",0.0
C*02:54,1,0,"6,912,132",0.0
C*02:55,1,0,"6,912,132",0.0
C*02:60,1,0,"6,912,132",0.0
C*02:62,1,0,"6,912,132",0.0
C*02:64,1,0,"6,912,132",0.0
C*02:75,2,1,"6,912,844",0.0
C*02:85,1,0,"6,912,132",0.0
C*02:87,1,14,"6,912,132",0.0
C*02:40,1,14,"6,912,132",0.0
C*02:43,3,2,"6,970,302",0.0
C*02:44,1,14,"6,912,132",0.0
C*02:45,1,0,"6,912,132",0.0
C*02:48,1,7,"6,912,132",0.0
C*02:51,1,7,"6,912,132",0.0
C*02:52N,1,0,"6,912,132",0.0
C*02:53,1,0,"6,912,132",0.0
C*12:99,1,7,"6,912,132",0.0
C*02:27,7,27,"10,606,428",0.0
C*02:30,2,14,"6,912,328",0.0
C*02:31,1,0,196,0.0
C*02:32,1,7,"6,912,132",0.0
C*02:34,2,7,"6,991,510",0.0
C*02:35,1,7,"6,912,132",0.0
C*02:36,1,0,"6,912,132",0.0
C*15:132,1,0,"6,912,132",0.0
C*15:15,8,9,"10,315,122",0.0
C*15:158,1,0,"6,912,132",0.0
C*15:16,4,7,"2,782,014",0.0
C*15:169,1,0,"6,912,132",0.0
C*15:17,11,9,"9,921,988",0.0
C*15:174,1,0,"6,912,132",0.0
C*15:185N,1,0,"6,912,132",0.0
C*14:98,1,0,"6,912,132",0.0
C*15:08,50,34,"7,670,338",0.0
C*15:102,1,0,"6,912,132",0.0
C*15:103,1,0,"6,912,132",0.0
C*15:111,1,0,"6,912,132",0.0
C*15:114,1,0,"6,912,132",0.0
C*15:125,1,0,"6,912,132",0.0
C*15:130,1,0,"6,912,132",0.0
C*14:64,1,0,"6,912,132",0.0
C*14:69,1,0,"6,912,132",0.0
C*14:74,1,0,"6,912,132",0.0
C*14:75,1,0,"6,912,132",0.0
C*14:76,1,0,"6,912,132",0.0
C*14:77,1,0,"6,912,132",0.0
C*14:93N,1,0,"6,912,132",0.0
C*14:96,1,0,"6,912,132",0.0
C*14:13,2,0,"6,912,328",0.0
C*14:14,2,0,"6,912,328",0.0
C*14:15,1,0,196,0.0
C*14:17,1,0,"6,912,132",0.0
C*14:18,1,14,"6,912,132",0.0
C*14:25,1,0,"6,912,132",0.0
C*14:32,1,7,"6,912,132",0.0
C*14:41,1,7,"6,912,132",0.0
C*02:25Q,2,14,"6,912,328",0.0
C*02:26,4,4,"9,455,962",0.0
C*15:23,4,30,"9,477,486",0.0
C*15:25,1,0,196,0.0
C*15:26,2,0,"79,574",0.0
C*15:28,2,7,"6,991,510",0.0
C*15:30,2,34,"6,969,986",0.0
C*15:37,1,7,"6,912,132",0.0
C*02:143,1,0,"6,912,132",0.0
C*02:159,1,0,"6,912,132",0.0
C*02:167,1,0,"6,912,132",0.0
C*02:19,7,27,"9,713,162",0.0
C*02:21,3,0,"6,914,938",0.0
C*02:22,2,0,"2,806",0.0
C*02:23,4,14,"6,994,316",0.0
C*02:24,2,35,"6,912,328",0.0
C*02:118,1,0,"6,912,132",0.0
C*02:12,3,2,"835,968",0.0
C*02:120,1,0,"6,912,132",0.0
C*02:122,1,0,"6,912,132",0.0
C*02:124,1,0,"6,912,132",0.0
C*02:128,1,0,"6,912,132",0.0
C*02:140,1,0,"6,912,132",0.0
C*02:142,1,0,"6,912,132",0.0
C*15:201,1,0,"6,912,132",0.0
C*02:104,1,0,"6,912,132",0.0
C*02:105N,1,0,288,0.0
C*02:107,1,0,"6,912,132",0.0
C*02:109,1,0,"6,912,132",0.0
C*02:11,2,0,"2,806",0.0
C*02:113,1,0,"6,912,132",0.0
C*02:116,1,0,"6,912,132",0.0
C*17:41,1,0,"6,912,132",0.0
C*17:42,1,0,"6,912,132",0.0
C*01:107,1,0,"6,912,132",0.0
C*01:104,1,0,"6,912,132",0.0
C*01:103,1,0,"6,912,132",0.0
C*18:04,2,1,"6,912,448",0.0
C*01:09,9,0,"6,916,934",0.0
C*01:114,1,0,"6,912,132",0.0
C*16:18,2,21,"6,912,328",0.0
C*16:21,2,17,"7,745,294",0.0
C*16:22,2,4,"7,745,294",0.0
C*16:26,2,2,"7,745,294",0.0
C*16:27,2,2,"9,397,912",0.0
C*16:30N,3,3,"6,932,238",0.0
C*16:34,1,0,"6,912,132",0.0
C*16:35,2,3,"7,745,294",0.0
C*16:125,1,0,"6,912,132",0.0
C*16:129,1,0,"6,912,132",0.0
C*16:13,2,7,"6,912,328",0.0
C*16:130,1,0,"6,912,132",0.0
C*16:14,2,35,"6,912,328",0.0
C*16:15,2,14,"6,912,328",0.0
C*16:16Q,3,14,"6,991,706",0.0
C*16:17,1,0,196,0.0
C*02:04,18,17,"8,488,480",0.0
C*02:05,15,3,"6,919,356",0.0
C*15:74,2,1,"6,913,272",0.0
C*16:07,7,4,"9,482,718",0.0
C*16:09,6,9,"7,731,032",0.0
C*16:101,1,0,"6,912,132",0.0
C*16:11,2,0,"2,806",0.0
C*16:12,5,1,"6,999,298",0.0
C*16:49,2,1,"6,913,272",0.0
C*16:52,1,0,"6,912,132",0.0
C*16:54,1,0,"6,912,132",0.0
C*16:56,1,0,"6,912,132",0.0
C*16:64,1,0,"6,912,132",0.0
C*16:65,1,0,"6,912,132",0.0
C*16:73,1,7,"6,912,132",0.0
C*16:74,2,1,"6,912,438",0.0
C*01:25,1,0,196,0.0
C*01:26,1,0,196,0.0
C*01:27,3,7,"9,398,108",0.0
C*01:28,1,0,196,0.0
C*01:29,1,0,196,0.0
C*16:37,1,0,"6,912,132",0.0
C*16:38,1,0,"6,912,132",0.0
C*16:46,4,25,"6,970,858",0.0
C*01:158,1,0,"6,912,132",0.0
C*01:169,1,0,"6,912,132",0.0
C*01:19,2,0,"2,806",0.0
C*01:20,2,0,"2,806",0.0
C*01:21,2,0,"2,806",0.0
C*01:22,7,19,"7,233,606",0.0
C*01:23,1,0,196,0.0
C*01:24,1,0,196,0.0
C*01:12,4,4,"2,488,902",0.0
C*01:128,1,0,"6,912,132",0.0
C*01:129,1,0,"6,912,132",0.0
C*01:13,3,3,"2,488,586",0.0
C*01:131,1,0,"6,912,132",0.0
C*01:146,1,0,"6,912,132",0.0
C*01:15,2,0,"2,806",0.0
C*01:156,1,0,"6,912,132",0.0
